<?xml version="1.0" encoding="UTF-8"?>
<!DOCTYPE faces-config PUBLIC "-//Sun Microsystems, Inc.//DTD JavaServer Faces Config 1.0//EN"
                              "http://java.sun.com/dtd/web-facesconfig_1_0.dtd">
<faces-config>
 <managed-bean>
  <managed-bean-name>applicationBean</managed-bean-name>
  <managed-bean-class>com.titan.mytitan.app.ApplicationBean</managed-bean-class>
  <managed-bean-scope>application</managed-bean-scope>
 </managed-bean>
 <managed-bean>
  <managed-bean-name>AdministratorAction</managed-bean-name>
  <managed-bean-class>com.titan.admin.account.action.AdministratorAction</managed-bean-class>
  <managed-bean-scope>session</managed-bean-scope>
 </managed-bean>
 <managed-bean>
  <managed-bean-name>administratorBean</managed-bean-name>
  <managed-bean-class>com.titan.admin.account.bean.AdministratorBean</managed-bean-class>
  <managed-bean-scope>request</managed-bean-scope>
 </managed-bean> 
 <managed-bean>
  <managed-bean-name>GroupAction</managed-bean-name>
  <managed-bean-class>com.titan.admin.account.action.GroupAction</managed-bean-class>
  <managed-bean-scope>session</managed-bean-scope>
 </managed-bean>
 <managed-bean>
  <managed-bean-name>groupBean</managed-bean-name>
  <managed-bean-class>com.titan.admin.account.bean.GroupBean</managed-bean-class>
  <managed-bean-scope>request</managed-bean-scope>
 </managed-bean> 
 <managed-bean>
  <managed-bean-name>LoginAction</managed-bean-name>
  <managed-bean-class>com.titan.mytitan.login.action.LoginAction</managed-bean-class>
  <managed-bean-scope>session</managed-bean-scope>
 </managed-bean>
 <managed-bean>
  <managed-bean-name>AccountAction</managed-bean-name>
  <managed-bean-class>com.titan.mytitan.account.action.AccountAction</managed-bean-class>
  <managed-bean-scope>request</managed-bean-scope>
 </managed-bean>
 <managed-bean>
  <managed-bean-name>retrievePasswordAction</managed-bean-name>
  <managed-bean-class>com.titan.mytitan.login.action.RetrievePasswordAction</managed-bean-class>
  <managed-bean-scope>request</managed-bean-scope>
 </managed-bean>
 <managed-bean>
  <managed-bean-name>myProductBean</managed-bean-name>
  <managed-bean-class>com.titan.base.product.bean.MyProductBean</managed-bean-class>
  <managed-bean-scope>request</managed-bean-scope>
 </managed-bean>
 <managed-bean>
  <managed-bean-name>myProductAction</managed-bean-name>
  <managed-bean-class>com.titan.mytitan.product.action.MyProductAction</managed-bean-class>
  <managed-bean-scope>request</managed-bean-scope>
 </managed-bean>
 <managed-bean>
  <managed-bean-name>myServiceBean</managed-bean-name>
  <managed-bean-class>com.titan.mytitan.service.bean.SubMyServiceBean</managed-bean-class>
  <managed-bean-scope>request</managed-bean-scope>
 </managed-bean>
 <managed-bean>
  <managed-bean-name>myServiceAction</managed-bean-name>
  <managed-bean-class>com.titan.mytitan.service.action.MyServiceAction</managed-bean-class>
  <managed-bean-scope>session</managed-bean-scope>
 </managed-bean>
 <managed-bean>
  <managed-bean-name>localeBean</managed-bean-name>
  <managed-bean-class>com.titan.mytitan.login.bean.LocaleBean</managed-bean-class>
  <managed-bean-scope>request</managed-bean-scope>
 </managed-bean>
</faces-config>
